Name,Type,Syntax,Description,Link
DATE,Date,"DATE(year, month, day)","Converts a provided year, month, and day into a date.",https://support.google.com/docs/answer/3092969
DATEDIF,Date,"DATEDIF(start_date, end_date, unit)","Calculates the number of days, months, or years between two dates.",https://support.google.com/docs/answer/6055612
DATEVALUE,Date,DATEVALUE(date_string),Converts a provided date string in a known format to a date value.,https://support.google.com/docs/answer/3093039
DAY,Date,DAY(date),"Returns the day of the month that a specific date falls on, in numeric format.",https://support.google.com/docs/answer/3093040
DAYS,Date,"DAYS(end_date, start_date)",Returns the number of days between two dates.,https://support.google.com/docs/answer/9061296
DAYS360,Date,"DAYS360(start_date, end_date, [method])",Returns the difference between two days based on the 360 day year used in some financial interest calculations.,https://support.google.com/docs/answer/3093042
EDATE,Date,"EDATE(start_date, months)",Returns a date a specified number of months before or after another date.,https://support.google.com/docs/answer/3092974
EOMONTH,Date,"EOMONTH(start_date, months)",Returns a date representing the last day of a month which falls a specified number of months before or after another date.,https://support.google.com/docs/answer/3093044
EPOCHTODATE,Date,"EPOCHTODATE(timestamp, [unit])","Converts a Unix epoch timestamp in seconds, milliseconds, or microseconds to a datetime in UTC.",https://support.google.com/docs/answer/13193461
HOUR,Date,HOUR(time),"Returns the hour component of a specific time, in numeric format.",https://support.google.com/docs/answer/3093045
ISOWEEKNUM,Date,ISOWEEKNUM(date),Returns the number of the ISO week of the year where the provided date falls.,https://support.google.com/docs/answer/7368793
MINUTE,Date,MINUTE(time),"Returns the minute component of a specific time, in numeric format.",https://support.google.com/docs/answer/3093048
MONTH,Date,MONTH(date),"Returns the month of the year a specific date falls in, in numeric format.",https://support.google.com/docs/answer/3093052
NETWORKDAYS,Date,"NETWORKDAYS(start_date, end_date, [holidays])",Returns the number of net working days between two provided days.,https://support.google.com/docs/answer/3092979
NETWORKDAYS.INTL,Date,"NETWORKDAYS.INTL(start_date, end_date, [weekend], [holidays])",Returns the number of net working days between two provided days excluding specified weekend days and holidays.,https://support.google.com/docs/answer/3295902
NOW,Date,NOW(),Returns the current date and time as a date value.,https://support.google.com/docs/answer/3092981
SECOND,Date,SECOND(time),"Returns the second component of a specific time, in numeric format.",https://support.google.com/docs/answer/3093054
TIME,Date,"TIME(hour, minute, second)","Converts a provided hour, minute, and second into a time.",https://support.google.com/docs/answer/3093056
TIMEVALUE,Date,TIMEVALUE(time_string),Returns the fraction of a 24-hour day the time represents.,https://support.google.com/docs/answer/3267350
TODAY,Date,TODAY(),Returns the current date as a date value.,https://support.google.com/docs/answer/3092984
WEEKDAY,Date,"WEEKDAY(date, [type])",Returns a number representing the day of the week of the date provided.,https://support.google.com/docs/answer/3092985
WEEKNUM,Date,"WEEKNUM(date, [type])",Returns a number representing the week of the year where the provided date falls.,https://support.google.com/docs/answer/3294949
WORKDAY,Date,"WORKDAY(start_date, num_days, [holidays])",Calculates the end date after a specified number of working days.,https://support.google.com/docs/answer/3093059
WORKDAY.INTL,Date,"WORKDAY.INTL(start_date, num_days, [weekend], [holidays])",Calculates the date after a specified number of workdays excluding specified weekend days and holidays.,https://support.google.com/docs/answer/3294972
YEAR,Date,YEAR(date),Returns the year specified by a given date.,https://support.google.com/docs/answer/3093061
YEARFRAC,Date,"YEARFRAC(start_date, end_date, [day_count_convention])","Returns the number of years, including fractional years, between two dates using a specified day count convention.",https://support.google.com/docs/answer/3092989
BIN2DEC,Engineering,BIN2DEC(signed_binary_number),Converts a signed binary number to decimal format.,https://support.google.com/docs/answer/3092991
BIN2HEX,Engineering,"BIN2HEX(signed_binary_number, [significant_digits])",Converts a signed binary number to signed hexadecimal format.,https://support.google.com/docs/answer/3093133
BIN2OCT,Engineering,"BIN2OCT(signed_binary_number, [significant_digits])",Converts a signed binary number to signed octal format.,https://support.google.com/docs/answer/3092993
BITAND,Engineering,"BITAND(value1, value2)",Bitwise boolean AND of two numbers.,https://support.google.com/docs/answer/9061440
BITLSHIFT,Engineering,"BITLSHIFT(value, shift_amount)",Shifts the bits of the input a certain number of places to the left.,https://support.google.com/docs/answer/9061443
BITOR,Engineering,"BITOR(value1, value2)",Bitwise boolean OR of 2 numbers.,https://support.google.com/docs/answer/9083934
BITRSHIFT,Engineering,"BITRSHIFT(value, shift_amount)",Shifts the bits of the input a certain number of places to the right.,https://support.google.com/docs/answer/9084100
BITXOR,Engineering,"BITXOR(value1, value2)",Bitwise XOR (exclusive OR) of 2 numbers.,https://support.google.com/docs/answer/9083935
COMPLEX,Engineering,"COMPLEX(real_part, imaginary_part, [suffix])",Creates a complex number given real and imaginary coefficients.,https://support.google.com/docs/answer/7407888
DEC2BIN,Engineering,"DEC2BIN(decimal_number, [significant_digits])",Converts a decimal number to signed binary format.,https://support.google.com/docs/answer/3092997
DEC2HEX,Engineering,"DEC2HEX(decimal_number, [significant_digits])",Converts a decimal number to signed hexadecimal format.,https://support.google.com/docs/answer/3093137
DEC2OCT,Engineering,"DEC2OCT(decimal_number, [significant_digits])",Converts a decimal number to signed octal format.,https://support.google.com/docs/answer/3093138
DELTA,Engineering,"DELTA(number1, [number2])","Compare two numeric values, returning 1 if they're equal.",https://support.google.com/docs/answer/3401147
ERF,Engineering,"ERF(lower_bound, [upper_bound])",The ERF function returns the integral of the Gauss error function over an interval of values.,https://support.google.com/docs/answer/9116267
ERF.PRECISE,Engineering,"ERF.PRECISE(lower_bound, [upper_bound])",See ERF,https://support.google.com/docs/answer/9116267
GESTEP,Engineering,"GESTEP(value, [step])",Returns 1 if the rate is strictly greater than or equal to the provided step value or 0 otherwise. If no step value is provided then the default value of 0 will be used.,https://support.google.com/docs/answer/9061379
HEX2BIN,Engineering,"HEX2BIN(signed_hexadecimal_number, [significant_digits])",Converts a signed hexadecimal number to signed binary format.,https://support.google.com/docs/answer/3093139
HEX2DEC,Engineering,HEX2DEC(signed_hexadecimal_number),Converts a signed hexadecimal number to decimal format.,https://support.google.com/docs/answer/3093192
HEX2OCT,Engineering,"HEX2OCT(signed_hexadecimal_number, significant_digits)",Converts a signed hexadecimal number to signed octal format.,https://support.google.com/docs/answer/3093142
IMABS,Engineering,IMABS(number),Returns absolute value of a complex number.,https://support.google.com/docs/answer/7411899
IMAGINARY,Engineering,IMAGINARY(complex_number),Returns the imaginary coefficient of a complex number.,https://support.google.com/docs/answer/7408639
IMARGUMENT,Engineering,IMARGUMENT(number),The IMARGUMENT function returns the angle (also known as the argument or \theta) of the given complex number in radians.,https://support.google.com/docs/answer/9116360
IMCONJUGATE,Engineering,IMCONJUGATE(number),Returns the complex conjugate of a number.,https://support.google.com/docs/answer/7410791
IMCOS,Engineering,IMCOS(number),The IMCOS function returns the cosine of the given complex number.,https://support.google.com/docs/answer/9116546
IMCOSH,Engineering,IMCOSH(number),"Returns the hyperbolic cosine of the given complex number. For example, a given complex number ""x+yi"" returns ""cosh(x+yi).""",https://support.google.com/docs/answer/9366233
IMCOT,Engineering,IMCOT(number),"Returns the cotangent of the given complex number. For example, a given complex number ""x+yi"" returns ""cot(x+yi).""",https://support.google.com/docs/answer/9366254
IMCOTH,Engineering,IMCOTH(number),"Returns the hyperbolic cotangent of the given complex number. For example, a given complex number ""x+yi"" returns ""coth(x+yi).""",https://support.google.com/docs/answer/9366256
IMCSC,Engineering,IMCSC(number),Returns the cosecant of the given complex number.,https://support.google.com/docs/answer/9199155
IMCSCH,Engineering,IMCSCH(number),"Returns the hyperbolic cosecant of the given complex number. For example, a given complex number ""x+yi"" returns ""csch(x+yi).""",https://support.google.com/docs/answer/9366258
IMDIV,Engineering,"IMDIV(dividend, divisor)",Returns one complex number divided by another.,https://support.google.com/docs/answer/7411898
IMEXP,Engineering,IMEXP(exponent),"Returns Euler's number, e (~2.718) raised to a complex power.",https://support.google.com/docs/answer/9198277
IMLOG,Engineering,"IMLOG(value, base)",Returns the logarithm of a complex number for a specified base.,https://support.google.com/docs/answer/9366486
IMLOG10,Engineering,IMLOG10(value),Returns the logarithm of a complex number with base 10.,https://support.google.com/docs/answer/9366497
IMLOG2,Engineering,IMLOG2(value),Returns the logarithm of a complex number with base 2.,https://support.google.com/docs/answer/9366426
IMPRODUCT,Engineering,"IMPRODUCT(factor1, [factor2, ...])",Returns the result of multiplying a series of complex numbers together.,https://support.google.com/docs/answer/7409679
IMREAL,Engineering,IMREAL(complex_number),Returns the real coefficient of a complex number.,https://support.google.com/docs/answer/7408138
IMSEC,Engineering,IMSEC(number),"Returns the secant of the given complex number. For example, a given complex number ""x+yi"" returns ""sec(x+yi).""",https://support.google.com/docs/answer/9366728
IMSECH,Engineering,IMSECH(number),"Returns the hyperbolic secant of the given complex number. For example, a given complex number ""x+yi"" returns ""sech(x+yi).""",https://support.google.com/docs/answer/9366440
IMSIN,Engineering,IMSIN (number),Returns the sine of the given complex number.,https://support.google.com/docs/answer/9198962
IMSINH,Engineering,IMSINH(number),"Returns the hyperbolic sine of the given complex number. For example, a given complex number ""x+yi"" returns ""sinh(x+yi).""",https://support.google.com/docs/answer/9366445
IMSUB,Engineering,"IMSUB(first_number, second_number)",Returns the difference between two complex numbers.,https://support.google.com/docs/answer/7408393
IMSUM,Engineering,"IMSUM(value1, [value2, ...])",Returns the sum of a series of complex numbers.,https://support.google.com/docs/answer/7408295
IMTAN,Engineering,IMTAN(number),Returns the tangent of the given complex number.,https://support.google.com/docs/answer/9203334
IMTANH,Engineering,IMTANH(number),"Returns the hyperbolic tangent of the given complex number. For example, a given complex number ""x+yi"" returns ""tanh(x+yi).""",https://support.google.com/docs/answer/9366655
OCT2BIN,Engineering,"OCT2BIN(signed_octal_number, [significant_digits])",Converts a signed octal number to signed binary format.,https://support.google.com/docs/answer/3093144
OCT2DEC,Engineering,OCT2DEC(signed_octal_number),Converts a signed octal number to decimal format.,https://support.google.com/docs/answer/3093146
OCT2HEX,Engineering,"OCT2HEX(signed_octal_number, [significant_digits])",Converts a signed octal number to signed hexadecimal format.,https://support.google.com/docs/answer/3093147
FILTER,Filter,"FILTER(range, condition1, [condition2])","Returns a filtered version of the source range, returning only rows or columns which meet the specified conditions.",https://support.google.com/docs/answer/3093197
SORT,Filter,"SORT(range, sort_column, is_ascending, [sort_column2], [is_ascending2])",Sorts the rows of a given array or range by the values in one or more columns.,https://support.google.com/docs/answer/3093150
SORTN,Filter,"SORTN(range, [n], [display_ties_mode], [sort_column1, is_ascending1], ...)",Returns the first n items in a data set after performing a sort.,https://support.google.com/docs/answer/7354624
UNIQUE,Filter,UNIQUE(range),"Returns unique rows in the provided source range, discarding duplicates. Rows are returned in the order in which they first appear in the source range.",https://support.google.com/docs/answer/10522653
ACCRINT,Financial,"ACCRINT(issue, first_payment, settlement, rate, redemption, frequency, 
[day_count_convention])",Calculates the accrued interest of a security that has periodic payments.,https://support.google.com/docs/answer/3093200
ACCRINTM,Financial,"ACCRINTM(issue, maturity, rate, [redemption], [day_count_convention])",Calculates the accrued interest of a security that pays interest at maturity.,https://support.google.com/docs/answer/3093202
AMORLINC,Financial,"AMORLINC(cost, purchase_date, first_period_end, salvage, period, rate, 
[basis])","Returns the depreciation for an accounting period, or the prorated depreciation if the asset was purchased in the middle of a period.",https://support.google.com/docs/answer/9083932
COUPDAYBS,Financial,"COUPDAYBS(settlement, maturity, frequency, [day_count_convention])","Calculates the number of days from the first coupon, or interest payment, until settlement.",https://support.google.com/docs/answer/3093154
COUPDAYS,Financial,"COUPDAYS(settlement, maturity, frequency, [day_count_convention])","Calculates the number of days in the coupon, or interest payment, period that contains the specified settlement date.",https://support.google.com/docs/answer/3093204
COUPDAYSNC,Financial,"COUPDAYSNC(settlement, maturity, frequency, [day_count_convention])","Calculates the number of days from the settlement date until the next coupon, or interest payment.",https://support.google.com/docs/answer/3093156
COUPNCD,Financial,"COUPNCD(settlement, maturity, frequency, [day_count_convention])","Calculates next coupon, or interest payment, date after the settlement date.",https://support.google.com/docs/answer/3093157
COUPNUM,Financial,"COUPNUM(settlement, maturity, frequency, [day_count_convention])","Calculates the number of coupons, or interest payments, between the settlement date and the maturity date of the investment.",https://support.google.com/docs/answer/3093208
COUPPCD,Financial,"COUPPCD(settlement, maturity, frequency, [day_count_convention])","Calculates last coupon, or interest payment, date before the settlement date.",https://support.google.com/docs/answer/3093210
CUMIPMT,Financial,"CUMIPMT(rate, number_of_periods, present_value, first_period, last_period, 
end_or_beginning)",Calculates the cumulative interest over a range of payment periods for an investment based on constant-amount periodic payments and a constant interest rate.,https://support.google.com/docs/answer/3093211
CUMPRINC,Financial,"CUMPRINC(rate, number_of_periods, present_value, first_period, last_period, 
end_or_beginning)",Calculates the cumulative principal paid over a range of payment periods for an investment based on constant-amount periodic payments and a constant interest rate.,https://support.google.com/docs/answer/3093159
DB,Financial,"DB(cost, salvage, life, period, [month])",Calculates the depreciation of an asset for a specified period using the arithmetic declining balance method.,https://support.google.com/docs/answer/3093162
DDB,Financial,"DDB(cost, salvage, life, period, [factor])",Calculates the depreciation of an asset for a specified period using the double-declining balance method.,https://support.google.com/docs/answer/3093163
DISC,Financial,"DISC(settlement, maturity, price, redemption, [day_count_convention])",Calculates the discount rate of a security based on price.,https://support.google.com/docs/answer/3093216
DOLLARDE,Financial,"DOLLARDE(fractional_price, unit)",Converts a price quotation given as a decimal fraction into a decimal value.,https://support.google.com/docs/answer/3093167
DOLLARFR,Financial,"DOLLARFR(decimal_price, unit)",Converts a price quotation given as a decimal value into a decimal fraction.,https://support.google.com/docs/answer/3093217
DURATION,Financial,"DURATION(settlement, maturity, rate, yield, frequency, 
[day_count_convention]) .",Calculates the number of compounding periods required for an investment of a specified present value appreciating at a given rate to reach a target value.,https://support.google.com/docs/answer/3093169
EFFECT,Financial,"EFFECT(nominal_rate, periods_per_year)",Calculates the annual effective interest rate given the nominal rate and number of compounding periods per year.,https://support.google.com/docs/answer/3093223
FV,Financial,"FV(rate, number_of_periods, payment_amount, [present_value], 
[end_or_beginning])",Calculates the future value of an annuity investment based on constant-amount periodic payments and a constant interest rate.,https://support.google.com/docs/answer/3093224
FVSCHEDULE,Financial,"FVSCHEDULE(principal, rate_schedule)",Calculates the future value of some principal based on a specified series of potentially varying interest rates.,https://support.google.com/docs/answer/3093226
INTRATE,Financial,"INTRATE(buy_date, sell_date, buy_price, sell_price, [day_count_convention])",Calculates the effective interest rate generated when an investment is purchased at one price and sold at another with no interest or dividends generated by the investment itself.,https://support.google.com/docs/answer/3093174
IPMT,Financial,"IPMT(rate, period, number_of_periods, present_value, [future_value], 
[end_or_beginning])",Calculates the payment on interest for an investment based on constant-amount periodic payments and a constant interest rate.,https://support.google.com/docs/answer/3093175
IRR,Financial,"IRR(cashflow_amounts, [rate_guess])",Calculates the internal rate of return on an investment based on a series of periodic cash flows.,https://support.google.com/docs/answer/3093231
ISPMT,Financial,"ISPMT(rate, period, number_of_periods, present_value)",The ISPMT function calculates the interest paid during a particular period of an investment.,https://support.google.com/docs/answer/9116481
MDURATION,Financial,"MDURATION(settlement, maturity, rate, yield, frequency, 
[day_count_convention])","Calculates the modified Macaulay duration of a security paying periodic interest, such as a US Treasury Bond, based on expected yield.",https://support.google.com/docs/answer/3093178
MIRR,Financial,"MIRR(cashflow_amounts, financing_rate, reinvestment_return_rate)",Calculates the modified internal rate of return on an investment based on a series of periodic cash flows and the difference between the interest rate paid on financing versus the return received on reinvested income.,https://support.google.com/docs/answer/3093180
NOMINAL,Financial,"NOMINAL(effective_rate, periods_per_year)",Calculates the annual nominal interest rate given the effective rate and number of compounding periods per year.,https://support.google.com/docs/answer/3093234
NPER,Financial,"NPER(rate, payment_amount, present_value, [future_value], 
[end_or_beginning])",Calculates the number of payment periods for an investment based on constant-amount periodic payments and a constant interest rate.,https://support.google.com/docs/answer/3093183
NPV,Financial,"NPV(discount, cashflow1, [cashflow2, ...])",Calculates the net present value of an investment based on a series of periodic cash flows and a discount rate.,https://support.google.com/docs/answer/3093184
PDURATION,Financial,"PDURATION(rate, present_value, future_value)",Returns the number of periods for an investment to reach a specific value at a given rate.,https://support.google.com/docs/answer/9368165
PMT,Financial,"PMT(rate, number_of_periods, present_value, [future_value], 
[end_or_beginning])",Calculates the periodic payment for an annuity investment based on constant-amount periodic payments and a constant interest rate.,https://support.google.com/docs/answer/3093185
PPMT,Financial,"PPMT(rate, period, number_of_periods, present_value, [future_value], 
[end_or_beginning])",Calculates the payment on the principal of an investment based on constant-amount periodic payments and a constant interest rate.,https://support.google.com/docs/answer/3093187
PRICE,Financial,"PRICE(settlement, maturity, rate, yield, redemption, frequency, 
[day_count_convention])","Calculates the price of a security paying periodic interest, such as a US Treasury Bond, based on expected yield.",https://support.google.com/docs/answer/3093188
PRICEDISC,Financial,"PRICEDISC(settlement, maturity, discount, redemption, 
[day_count_convention])","Calculates the price of a discount (non-interest-bearing) security, based on expected yield.",https://support.google.com/docs/answer/3093240
PRICEMAT,Financial,"PRICEMAT(settlement, maturity, issue, rate, yield, [day_count_convention])","Calculates the price of a security paying interest at maturity, based on expected yield.",https://support.google.com/docs/answer/3093191
PV,Financial,"PV(rate, number_of_periods, payment_amount, [future_value], 
[end_or_beginning])",Calculates the present value of an annuity investment based on constant-amount periodic payments and a constant interest rate.,https://support.google.com/docs/answer/3093243
RATE,Financial,"RATE(number_of_periods, payment_per_period, present_value, [future_value], 
[end_or_beginning], [rate_guess])",Calculates the interest rate of an annuity investment based on constant-amount periodic payments and the assumption of a constant interest rate.,https://support.google.com/docs/answer/3093257
RECEIVED,Financial,"RECEIVED(settlement, maturity, investment, discount, [day_count_convention])",Calculates the amount received at maturity for an investment in fixed-income securities purchased on a given date.,https://support.google.com/docs/answer/3093244
RRI,Financial,"RRI(number_of_periods, present_value, future_value)",Returns the interest rate needed for an investment to reach a specific value within a given number of periods.,https://support.google.com/docs/answer/9368238
SLN,Financial,"SLN(cost, salvage, life)",Calculates the depreciation of an asset for one period using the straight-line method.,https://support.google.com/docs/answer/3093245
SYD,Financial,"SYD(cost, salvage, life, period)",Calculates the depreciation of an asset for a specified period using the sum of years digits method.,https://support.google.com/docs/answer/3093261
TBILLEQ,Financial,"TBILLEQ(settlement, maturity, discount)",Calculates the equivalent annualized rate of return of a US Treasury Bill based on discount rate.,https://support.google.com/docs/answer/3093249
TBILLPRICE,Financial,"TBILLPRICE(settlement, maturity, discount)",Calculates the price of a US Treasury Bill based on discount rate.,https://support.google.com/docs/answer/3093251
TBILLYIELD,Financial,"TBILLYIELD(settlement, maturity, price)",Calculates the yield of a US Treasury Bill based on price.,https://support.google.com/docs/answer/3093264
VDB,Financial,"VDB(cost, salvage, life, start_period, end_period, [factor], [no_switch])",Returns the depreciation of an asset for a particular period (or partial period).,https://support.google.com/docs/answer/9199424
XIRR,Financial,"XIRR(cashflow_amounts, cashflow_dates, [rate_guess])",Calculates the internal rate of return of an investment based on a specified series of potentially irregularly spaced cash flows.,https://support.google.com/docs/answer/3093266
XNPV,Financial,"XNPV(discount, cashflow_amounts, cashflow_dates)",Calculates the net present value of an investment based on a specified series of potentially irregularly spaced cash flows and a discount rate.,https://support.google.com/docs/answer/3093268
YIELD,Financial,"YIELD(settlement, maturity, rate, price, redemption, frequency, 
[day_count_convention])","Calculates the annual yield of a security paying periodic interest, such as a US Treasury Bond, based on price.",https://support.google.com/docs/answer/3093255
YIELDDISC,Financial,"YIELDDISC(settlement, maturity, price, redemption, [day_count_convention])","Calculates the annual yield of a discount (non-interest-bearing) security, based on price.",https://support.google.com/docs/answer/3093270
YIELDMAT,Financial,"YIELDMAT(settlement, maturity, issue, rate, price, [day_count_convention])","Calculates the annual yield of a security paying interest at maturity, based on price.",https://support.google.com/docs/answer/9000132
ARRAYFORMULA,Google,ARRAYFORMULA(array_formula),Enables the display of values returned from an array formula into multiple rows and/or columns and the use of non-array functions with arrays.,https://support.google.com/docs/answer/3093275
DETECTLANGUAGE,Google,DETECTLANGUAGE(text_or_range),Identifies the language used in text within the specified range.,https://support.google.com/docs/answer/3093278
GOOGLEFINANCE,Google,"GOOGLEFINANCE(ticker, [attribute], [start_date], [end_date|num_days], 
[interval])",Fetches current or historical securities information from Google Finance.,https://support.google.com/docs/answer/3093281
GOOGLETRANSLATE,Google,"GOOGLETRANSLATE(text, [source_language], [target_language])",Translates text from one language into another,https://support.google.com/docs/answer/3093331
IMAGE,Google,"IMAGE(url, [mode], [height], [width])",Inserts an image into a cell.,https://support.google.com/docs/answer/3093333
QUERY,Google,"QUERY(data, query, [headers])",Runs a Google Visualization API Query Language query across data.,https://support.google.com/docs/answer/3093343
SPARKLINE,Google,"SPARKLINE(data, [options])",Creates a miniature chart contained within a single cell.,https://support.google.com/docs/answer/3093289
ERROR.TYPE,Info,ERROR.TYPE(reference),Returns a number corresponding to the error value in a different cell.,https://support.google.com/docs/answer/3238305
ISBLANK,Info,ISBLANK(value),Checks whether the referenced cell is empty.,https://support.google.com/docs/answer/3093290
ISDATE,Info,ISDATE(value),Returns whether a value is a date.,https://support.google.com/docs/answer/9061381
ISEMAIL,Info,ISEMAIL(value),Checks whether a value is a valid email address.,https://support.google.com/docs/answer/3256503
ISERR,Info,ISERR(value),Checks whether a value is an error other than `#N/A`.,https://support.google.com/docs/answer/3093348
ISERROR,Info,ISERROR(value),Checks whether a value is an error.,https://support.google.com/docs/answer/3093349
ISFORMULA,Info,ISFORMULA(cell),Checks whether a formula is in the referenced cell.,https://support.google.com/docs/answer/6270316
ISLOGICAL,Info,ISLOGICAL(value),Checks whether a value is `TRUE` or `FALSE`.,https://support.google.com/docs/answer/3093351
ISNA,Info,ISNA(value),Checks whether a value is the error `#N/A`.,https://support.google.com/docs/answer/3093293
ISNONTEXT,Info,ISNONTEXT(value),Checks whether a value is non-textual.,https://support.google.com/docs/answer/3093295
ISNUMBER,Info,ISNUMBER(value),Checks whether a value is a number.,https://support.google.com/docs/answer/3093296
ISREF,Info,ISREF(value),Checks whether a value is a valid cell reference.,https://support.google.com/docs/answer/3093354
ISTEXT,Info,ISTEXT(value),Checks whether a value is text.,https://support.google.com/docs/answer/3093297
N,Info,N(value),Returns the argument provided as a number.,https://support.google.com/docs/answer/3093357
NA,Info,NA(),"Returns the ""value not available"" error, `#N/A`.",https://support.google.com/docs/answer/3093359
TYPE,Info,TYPE(value),Returns a number associated with the type of data passed into the function.,https://support.google.com/docs/answer/3267375
CELL,Info,"CELL(info_type, reference)",Returns the requested information about the specified cell.,https://support.google.com/docs/answer/3267071
AND,Logical,"AND(logical_expression1, [logical_expression2, ...])","Returns true if all of the provided arguments are logically true, and false if any of the provided arguments are logically false.",https://support.google.com/docs/answer/3093301
FALSE,Logical,FALSE(),Returns the logical value `FALSE`.,https://support.google.com/docs/answer/3093302
IF,Logical,"IF(logical_expression, value_if_true, value_if_false)",Returns one value if a logical expression is `TRUE` and another if it is `FALSE`.,https://support.google.com/docs/answer/3093364
IFERROR,Logical,"IFERROR(value, [value_if_error])","Returns the first argument if it is not an error value, otherwise returns the second argument if present, or a blank if the second argument is absent.",https://support.google.com/docs/answer/3093304
IFNA,Logical,"IFNA(value, value_if_na)","Evaluates a value. If the value is an #N/A error, returns the specified value.",https://support.google.com/docs/answer/9365944
IFS,Logical,"IFS(condition1, value1, [condition2, value2], …)",Evaluates multiple conditions and returns a value that corresponds to the first true condition.,https://support.google.com/docs/answer/7014145
LAMBDA,Logical,"LAMBDA(name, formula_expression)","Creates and returns a custom function with a set of names and a formula_expression that uses them. To calculate the formula_expression, you can call the returned function with as many values as the name declares.",https://support.google.com/docs/answer/12508718
LET,Logical,"LET(name1, value_expression1, [name2, …], [value_expression2, …], 
formula_expression )",Assigns name with the value_expression results and returns the result of the formula_expression. The formula_expression can use the names defined in the scope of the LET function. The value_expressions are evaluated only once in the LET function even if the following value_expressions or the formula_expression use them multiple times.,https://support.google.com/docs/answer/13190535
NOT,Logical,NOT(logical_expression),Returns the opposite of a logical value - `NOT(TRUE)` returns `FALSE`; `NOT(FALSE)` returns `TRUE`.,https://support.google.com/docs/answer/3093305
OR,Logical,"OR(logical_expression1, [logical_expression2, ...])","Returns true if any of the provided arguments are logically true, and false if all of the provided arguments are logically false.",https://support.google.com/docs/answer/3093306
SWITCH,Logical,"SWITCH(expression, case1, value1, [default or case2, value2], …)","Tests an expression against a list of cases and returns the corresponding value of the first matching case, with an optional default value if nothing else is met.",https://support.google.com/docs/answer/7013690
TRUE,Logical,TRUE(),Returns the logical value `TRUE`.,https://support.google.com/docs/answer/3093307
XOR,Logical,"XOR(logical_expression1, [logical_expression2, ...])","The XOR function performs an exclusive or of 2 numbers that returns a 1 if the numbers are different, and a 0 otherwise.",https://support.google.com/docs/answer/9116491
ADDRESS,Lookup,"ADDRESS(row, column, [absolute_relative_mode], [use_a1_notation], [sheet])",Returns a cell reference as a string.,https://support.google.com/docs/answer/3093308
CHOOSE,Lookup,"CHOOSE(index, choice1, [choice2, ...])",Returns an element from a list of choices based on index.,https://support.google.com/docs/answer/3093371
COLUMN,Lookup,COLUMN([cell_reference]),"Returns the column number of a specified cell, with `A=1`.",https://support.google.com/docs/answer/3093373
COLUMNS,Lookup,COLUMNS(range),Returns the number of columns in a specified array or range.,https://support.google.com/docs/answer/3093374
FORMULATEXT,Lookup,FORMULATEXT(cell),Returns the formula as a string.,https://support.google.com/docs/answer/9365792
GETPIVOTDATA,Lookup,"GETPIVOTDATA(value_name, any_pivot_table_cell, [original_column, ...], 
[pivot_item, ...]",Extracts an aggregated value from a pivot table that corresponds to the specified row and column headings.,https://support.google.com/docs/answer/6167538
HLOOKUP,Lookup,"HLOOKUP(search_key, range, index, [is_sorted])",Horizontal lookup. Searches across the first row of a range for a key and returns the value of a specified cell in the column found.,https://support.google.com/docs/answer/3093375
INDEX,Lookup,"INDEX(reference, [row], [column])","Returns the content of a cell, specified by row and column offset.",https://support.google.com/docs/answer/3098242
INDIRECT,Lookup,"INDIRECT(cell_reference_as_string, [is_A1_notation])",Returns a cell reference specified by a string.,https://support.google.com/docs/answer/3093377
LOOKUP,Lookup,"LOOKUP(search_key, search_range|search_result_array, [result_range])",Looks through a row or column for a key and returns the value of the cell in a result range located in the same position as the search row or column.,https://support.google.com/docs/answer/3256570
MATCH,Lookup,"MATCH(search_key, range, [search_type])",Returns the relative position of an item in a range that matches a specified value.,https://support.google.com/docs/answer/3093378
OFFSET,Lookup,"OFFSET(cell_reference, offset_rows, offset_columns, [height], [width])",Returns a range reference shifted a specified number of rows and columns from a starting cell reference.,https://support.google.com/docs/answer/3093379
ROW,Lookup,ROW([cell_reference]),Returns the row number of a specified cell.,https://support.google.com/docs/answer/3093316
ROWS,Lookup,ROWS(range),Returns the number of rows in a specified array or range.,https://support.google.com/docs/answer/3093382
VLOOKUP,Lookup,"VLOOKUP(search_key, range, index, [is_sorted])",Vertical lookup. Searches down the first column of a range for a key and returns the value of a specified cell in the row found.,https://support.google.com/docs/answer/3093318
XLOOKUP,Lookup,"XLOOKUP(search_key, lookup_range, result_range, missing_value, 
[match_mode], [search_mode])","Returns the values in the result range based on the position where a match was found in the lookup range. If no match is found, it returns the closest match.",https://support.google.com/docs/answer/12405947
ABS,Math,ABS(value),Returns the absolute value of a number.,https://support.google.com/docs/answer/3093459
ACOS,Math,ACOS(value),"Returns the inverse cosine of a value, in radians.",https://support.google.com/docs/answer/3093461
ACOSH,Math,ACOSH(value),Returns the inverse hyperbolic cosine of a number.,https://support.google.com/docs/answer/3093391
ACOT,Math,ACOT(value),"Returns the inverse cotangent of a value, in radians.",https://support.google.com/docs/answer/9084227
ACOTH,Math,ACOTH(value),"Returns the inverse hyperbolic cotangent of a value, in radians. Must not be between -1 and 1, inclusive.",https://support.google.com/docs/answer/9084097
ASIN,Math,ASIN(value),"Returns the inverse sine of a value, in radians.",https://support.google.com/docs/answer/3093464
ASINH,Math,ASINH(value),Returns the inverse hyperbolic sine of a number.,https://support.google.com/docs/answer/3093393
ATAN,Math,ATAN(value),"Returns the inverse tangent of a value, in radians.",https://support.google.com/docs/answer/3093395
ATAN2,Math,"ATAN2(x, y)","Returns the angle between the x-axis and a line segment from the origin (0,0) to specified coordinate pair (`x`,`y`), in radians.",https://support.google.com/docs/answer/3093468
ATANH,Math,ATANH(value),Returns the inverse hyperbolic tangent of a number.,https://support.google.com/docs/answer/3093397
BASE,Math,"BASE(value, base, [min_length])","Converts a number into a text representation in another base, for example, base 2 for binary.",https://support.google.com/docs/answer/9084167
CEILING,Math,"CEILING(value, [factor])",Rounds a number up to the nearest integer multiple of specified significance.,https://support.google.com/docs/answer/3093471
CEILING.MATH,Math,"CEILING.MATH(number, [significance], [mode])","Rounds a number up to the nearest integer multiple of specified significance, with negative numbers rounding toward or away from 0 depending on the mode.",https://support.google.com/docs/answer/9061515
CEILING.PRECISE,Math,"CEILING.PRECISE(number, [significance])","Rounds a number up to the nearest integer multiple of specified significance. If the number is positive or negative, it is rounded up.",https://support.google.com/docs/answer/9061294
COMBIN,Math,"COMBIN(n, k)",Returns the number of ways to choose some number of objects from a pool of a given size of objects.,https://support.google.com/docs/answer/3093400
COMBINA,Math,"COMBINA(n, k)","Returns the number of ways to choose some number of objects from a pool of a given size of objects, including ways that choose the same object multiple times.",https://support.google.com/docs/answer/9084101
COS,Math,COS(angle),Returns the cosine of an angle provided in radians.,https://support.google.com/docs/answer/3093476
COSH,Math,COSH(value),Returns the hyperbolic cosine of any real number.,https://support.google.com/docs/answer/3093477
COT,Math,COT(angle),Cotangent of an angle provided in radians.,https://support.google.com/docs/answer/9084169
COTH,Math,COTH(value),Returns the hyperbolic cotangent of any real number.,https://support.google.com/docs/answer/9084102
COUNTBLANK,Math,COUNTBLANK(range),Returns the number of empty cells in a given range.,https://support.google.com/docs/answer/3093403
COUNTIF,Math,"COUNTIF(range, criterion)",Returns a conditional count across a range.,https://support.google.com/docs/answer/3093480
COUNTIFS,Math,"COUNTIFS(criteria_range1, criterion1, [criteria_range2, criterion2, ...])",Returns the count of a range depending on multiple criteria.,https://support.google.com/docs/answer/3256550
COUNTUNIQUE,Math,"COUNTUNIQUE(value1, [value2, ...])",Counts the number of unique values in a list of specified values and ranges.,https://support.google.com/docs/answer/3093405
CSC,Math,CSC(angle),Returns the cosecant of an angle provided in radians.,https://support.google.com/docs/answer/9084103
CSCH,Math,CSCH(value),The CSCH function returns the hyperbolic cosecant of any real number.,https://support.google.com/docs/answer/9116336
DECIMAL,Math,"DECIMAL(value, base)","The DECIMAL function converts the text representation of a number in another base, to base 10 (decimal).",https://support.google.com/docs/answer/9116090
DEGREES,Math,DEGREES(angle),Converts an angle value in radians to degrees.,https://support.google.com/docs/answer/3093481
ERFC,Math,ERFC(z),Returns the complementary Gauss error function of a value.,https://support.google.com/docs/answer/3093407
ERFC.PRECISE,Math,ERFC.PRECISE(z),See ERFC,https://support.google.com/docs/answer/3093407
EVEN,Math,EVEN(value),Rounds a number up to the nearest even integer.,https://support.google.com/docs/answer/3093409
EXP,Math,EXP(exponent),"Returns Euler's number, e (~2.718) raised to a power.",https://support.google.com/docs/answer/3093411
FACT,Math,FACT(value),Returns the factorial of a number.,https://support.google.com/docs/answer/3093412
FACTDOUBLE,Math,FACTDOUBLE(value),"Returns the ""double factorial"" of a number.",https://support.google.com/docs/answer/3093414
FLOOR,Math,"FLOOR(value, [factor])",Rounds a number down to the nearest integer multiple of specified significance.,https://support.google.com/docs/answer/3093487
FLOOR.MATH,Math,"FLOOR.MATH(number, [significance], [mode])","Rounds a number down to the nearest integer multiple of specified significance, with negative numbers rounding toward or away from 0 depending on the mode.",https://support.google.com/docs/answer/9061444
FLOOR.PRECISE,Math,"FLOOR.PRECISE(number, [significance])",The FLOOR.PRECISE function rounds a number down to the nearest integer or multiple of specified significance.,https://support.google.com/docs/answer/9116270
GAMMALN,Math,GAMMALN(value),"Returns the the logarithm of a specified Gamma function, base e (Euler's number).",https://support.google.com/docs/answer/3093416
GAMMALN.PRECISE,Math,GAMMALN.PRECISE(value),See GAMMALN,https://support.google.com/docs/answer/3093416
GCD,Math,"GCD(value1, value2)",Returns the greatest common divisor of one or more integers.,https://support.google.com/docs/answer/3093489
IMLN,Math,IMLN(complex_value),"Returns the logarithm of a complex number, base e (Euler's number).",https://support.google.com/docs/answer/9000651
IMPOWER,Math,"IMPOWER(complex_base, exponent)",Returns a complex number raised to a power.,https://support.google.com/docs/answer/9003065
IMSQRT,Math,IMSQRT(complex_number),Computes the square root of a complex number.,https://support.google.com/docs/answer/9003168
INT,Math,INT(value),Rounds a number down to the nearest integer that is less than or equal to it.,https://support.google.com/docs/answer/3093490
ISEVEN,Math,ISEVEN(value),Checks whether the provided value is even.,https://support.google.com/docs/answer/3093419
ISO.CEILING,Math,"ISO.CEILING(number, [significance])",See CEILING.PRECISE,https://support.google.com/docs/answer/9061294
ISODD,Math,ISODD(value),Checks whether the provided value is odd.,https://support.google.com/docs/answer/3093491
LCM,Math,"LCM(value1, value2)",Returns the least common multiple of one or more integers.,https://support.google.com/docs/answer/3093421
LN,Math,LN(value),"Returns the the logarithm of a number, base e (Euler's number).",https://support.google.com/docs/answer/3093422
LOG,Math,"LOG(value, base)",Returns the the logarithm of a number given a base.,https://support.google.com/docs/answer/3093495
LOG10,Math,LOG10(value),"Returns the the logarithm of a number, base 10.",https://support.google.com/docs/answer/3093423
MOD,Math,"MOD(dividend, divisor)","Returns the result of the modulo operator, the remainder after a division operation.",https://support.google.com/docs/answer/3093497
MROUND,Math,"MROUND(value, factor)",Rounds one number to the nearest integer multiple of another.,https://support.google.com/docs/answer/3093426
MULTINOMIAL,Math,"MULTINOMIAL(value1, value2)",Returns the factorial of the sum of values divided by the product of the values' factorials.,https://support.google.com/docs/answer/3093429
MUNIT,Math,MUNIT(dimension),Returns a unit matrix of size dimension x dimension.,https://support.google.com/docs/answer/9368156
ODD,Math,ODD(value),Rounds a number up to the nearest odd integer.,https://support.google.com/docs/answer/3093499
PI,Math,PI(),Returns the value of Pi to 14 decimal places.,https://support.google.com/docs/answer/3093432
POWER,Math,"POWER(base, exponent)",Returns a number raised to a power.,https://support.google.com/docs/answer/3093433
PRODUCT,Math,"PRODUCT(factor1, [factor2, ...])",Returns the result of multiplying a series of numbers together.,https://support.google.com/docs/answer/3093502
QUOTIENT,Math,"QUOTIENT(dividend, divisor)",Returns one number divided by another.,https://support.google.com/docs/answer/3093436
RADIANS,Math,RADIANS(angle),Converts an angle value in degrees to radians.,https://support.google.com/docs/answer/3093437
RAND,Math,RAND(),Returns a random number between 0 inclusive and 1 exclusive.,https://support.google.com/docs/answer/3093438
RANDARRAY,Math,"RANDARRAY(rows, columns)",Generates an array of random numbers between 0 and 1.,https://support.google.com/docs/answer/9211904
RANDBETWEEN,Math,"RANDBETWEEN(low, high)","Returns a uniformly random integer between two values, inclusive.",https://support.google.com/docs/answer/3093507
ROUND,Math,"ROUND(value, [places])",Rounds a number to a certain number of decimal places according to standard rules.,https://support.google.com/docs/answer/3093440
ROUNDDOWN,Math,"ROUNDDOWN(value, [places])","Rounds a number to a certain number of decimal places, always rounding down to the next valid increment.",https://support.google.com/docs/answer/3093442
ROUNDUP,Math,"ROUNDUP(value, [places])","Rounds a number to a certain number of decimal places, always rounding up to the next valid increment.",https://support.google.com/docs/answer/3093443
SEC,Math,SEC(angle),"The SEC function returns the secant of an angle, measured in radians.",https://support.google.com/docs/answer/9116395
SECH,Math,SECH(value),The SECH function returns the hyperbolic secant of an angle.,https://support.google.com/docs/answer/9116560
SEQUENCE,Math,"SEQUENCE(rows, columns, start, step)","Returns an array of sequential numbers, such as 1, 2, 3, 4.",https://support.google.com/docs/answer/9368244
SERIESSUM,Math,"SERIESSUM(x, n, m, a)","Given parameters x, n, m, and a, returns the power series sum a1xn + a2x(n+m) + ... + aix(n+(i-1)m), where i is the number of entries in range `a`.",https://support.google.com/docs/answer/3093444
SIGN,Math,SIGN(value),"Given an input number, returns `-1` if it is negative, `1` if positive, and `0` if it is zero.",https://support.google.com/docs/answer/3093513
SIN,Math,SIN(angle),Returns the sine of an angle provided in radians.,https://support.google.com/docs/answer/3093447
SINH,Math,SINH(value),Returns the hyperbolic sine of any real number.,https://support.google.com/docs/answer/3093517
SQRT,Math,SQRT(value),Returns the positive square root of a positive number.,https://support.google.com/docs/answer/3093577
SQRTPI,Math,SQRTPI(value),Returns the positive square root of the product of Pi and the given positive number.,https://support.google.com/docs/answer/3093579
SUBTOTAL,Math,"SUBTOTAL(function_code, range1, [range2, ...])",Returns a subtotal for a vertical range of cells using a specified aggregation function.,https://support.google.com/docs/answer/3093649
SUM,Math,"SUM(value1, [value2, ...])",Returns the sum of a series of numbers and/or cells.,https://support.google.com/docs/answer/3093669
SUMIF,Math,"SUMIF(range, criterion, [sum_range])",Returns a conditional sum across a range.,https://support.google.com/docs/answer/3093583
SUMIFS,Math,"SUMIFS(sum_range, criteria_range1, criterion1, [criteria_range2, 
criterion2, ...])",Returns the sum of a range depending on multiple criteria.,https://support.google.com/docs/answer/3238496
SUMSQ,Math,"SUMSQ(value1, [value2, ...])",Returns the sum of the squares of a series of numbers and/or cells.,https://support.google.com/docs/answer/3093714
TAN,Math,TAN(angle),Returns the tangent of an angle provided in radians.,https://support.google.com/docs/answer/3093586
TANH,Math,TANH(value),Returns the hyperbolic tangent of any real number.,https://support.google.com/docs/answer/3093755
TRUNC,Math,"TRUNC(value, [places])",Truncates a number to a certain number of significant digits by omitting less significant digits.,https://support.google.com/docs/answer/3093588
ADD,Operator,"ADD(value1, value2)",Returns the sum of two numbers. Equivalent to the `+` operator.,https://support.google.com/docs/answer/3093590
CONCAT,Operator,"CONCAT(value1, value2)",Returns the concatenation of two values. Equivalent to the `&` operator.,https://support.google.com/docs/answer/3093592
DIVIDE,Operator,"DIVIDE(dividend, divisor)",Returns one number divided by another. Equivalent to the `/` operator.,https://support.google.com/docs/answer/3093973
EQ,Operator,"EQ(value1, value2)",Returns `TRUE` if two specified values are equal and `FALSE` otherwise. Equivalent to the `=` operator.,https://support.google.com/docs/answer/3093593
GT,Operator,"GT(value1, value2)","Returns `TRUE` if the first argument is strictly greater than the second, and `FALSE` otherwise. Equivalent to the `>` operator.",https://support.google.com/docs/answer/3098240
GTE,Operator,"GTE(value1, value2)","Returns `TRUE` if the first argument is greater than or equal to the second, and `FALSE` otherwise. Equivalent to the `>=` operator.",https://support.google.com/docs/answer/3093975
ISBETWEEN,Operator,"ISBETWEEN(value_to_compare, lower_value, upper_value, 
lower_value_is_inclusive, upper_value_is_inclusive)",Checks whether a provided number is between two other numbers either inclusively or exclusively.,https://support.google.com/docs/answer/10538337
LT,Operator,"LT(value1, value2)","Returns `TRUE` if the first argument is strictly less than the second, and `FALSE` otherwise. Equivalent to the `<` operator.",https://support.google.com/docs/answer/3093596
LTE,Operator,"LTE(value1, value2)","Returns `TRUE` if the first argument is less than or equal to the second, and `FALSE` otherwise. Equivalent to the `<=` operator.",https://support.google.com/docs/answer/3093976
MINUS,Operator,"MINUS(value1, value2)",Returns the difference of two numbers. Equivalent to the `-` operator.,https://support.google.com/docs/answer/3093977
MULTIPLY,Operator,"MULTIPLY(factor1, factor2)",Returns the product of two numbers. Equivalent to the `*` operator.,https://support.google.com/docs/answer/3093978
NE,Operator,"NE(value1, value2)",Returns `TRUE` if two specified values are not equal and `FALSE` otherwise. Equivalent to the `<>` operator.,https://support.google.com/docs/answer/3093981
POW,Operator,"POW(base, exponent)",Returns a number raised to a power.,https://support.google.com/docs/answer/3093603
UMINUS,Operator,UMINUS(value),Returns a number with the sign reversed.,https://support.google.com/docs/answer/3093606
UNARY_PERCENT,Operator,UNARY_PERCENT(percentage),"Returns a value interpreted as a percentage; that is, `UNARY_PERCENT(100)` equals `1`.",https://support.google.com/docs/answer/3093982
UNIQUE,Operator,"UNIQUE(range, by_column, exactly_once)","Returns unique rows in the provided source range, discarding duplicates. Rows are returned in the order in which they first appear in the source range.",https://support.google.com/docs/answer/10522653
UPLUS,Operator,UPLUS(value),"Returns a specified number, unchanged.",https://support.google.com/docs/answer/3093608
AVEDEV,Statistical,"AVEDEV(value1, [value2, ...])",Calculates the average of the magnitudes of deviations of data from a dataset's mean.,https://support.google.com/docs/answer/3093613
AVERAGE,Statistical,"AVERAGE(value1, [value2, ...])","Returns the numerical average value in a dataset, ignoring text.",https://support.google.com/docs/answer/3093615
AVERAGE.WEIGHTED,Statistical,"AVERAGE.WEIGHTED(values, weights, [additional values], [additional weights])","Finds the weighted average of a set of values, given the values and the corresponding weights.",https://support.google.com/docs/answer/9084098
AVERAGEA,Statistical,"AVERAGEA(value1, [value2, ...])",Returns the numerical average value in a dataset.,https://support.google.com/docs/answer/3093617
AVERAGEIF,Statistical,"AVERAGEIF(criteria_range, criterion, [average_range])",Returns the average of a range depending on criteria.,https://support.google.com/docs/answer/3256529
AVERAGEIFS,Statistical,"AVERAGEIFS(average_range, criteria_range1, criterion1, [criteria_range2, 
criterion2, ...])",Returns the average of a range depending on multiple criteria.,https://support.google.com/docs/answer/3256534
BETA.DIST,Statistical,"BETA.DIST(value, alpha, beta, cumulative, lower_bound, upper_bound)",Returns the probability of a given value as defined by the beta distribution function.,https://support.google.com/docs/answer/9084228
BETA.INV,Statistical,"BETA.INV(probability, alpha, beta, lower_bound, upper_bound)",Returns the value of the inverse beta distribution function for a given probability.,https://support.google.com/docs/answer/9061377
BETADIST,Statistical,"BETADIST(value, alpha, beta, lower_bound, upper_bound)",See BETA.DIST.,https://support.google.com/docs/answer/9084099
BETAINV,Statistical,"BETAINV(probability, alpha, beta, lower_bound, upper_bound)",See BETA.INV,https://support.google.com/docs/answer/9061377
BINOM.DIST,Statistical,"BINOM.DIST(num_successes, num_trials, prob_success, cumulative)",See BINOMDIST,https://support.google.com/docs/answer/3093987
BINOM.INV,Statistical,"BINOM.INV(num_trials, prob_success, target_prob)",See CRITBINOM,https://support.google.com/docs/answer/3093623
BINOMDIST,Statistical,"BINOMDIST(num_successes, num_trials, prob_success, cumulative)","Calculates the probability of drawing a certain number of successes (or a maximum number of successes) in a certain number of tries given a population of a certain size containing a certain number of successes, with replacement of draws.",https://support.google.com/docs/answer/3093987
CHIDIST,Statistical,"CHIDIST(x, degrees_freedom)","Calculates the right-tailed chi-squared distribution, often used in hypothesis testing.",https://support.google.com/docs/answer/7003346
CHIINV,Statistical,"CHIINV(probability, degrees_freedom)",Calculates the inverse of the right-tailed chi-squared distribution.,https://support.google.com/docs/answer/7003198
CHISQ.DIST,Statistical,"CHISQ.DIST(x, degrees_freedom, cumulative)","Calculates the left-tailed chi-squared distribution, often used in hypothesis testing.",https://support.google.com/docs/answer/7003347
CHISQ.DIST.RT,Statistical,"CHISQ.DIST.RT(x, degrees_freedom)","Calculates the right-tailed chi-squared distribution, which is commonly used in hypothesis testing.",https://support.google.com/docs/answer/7003199
CHISQ.INV,Statistical,"CHISQ.INV(probability, degrees_freedom)",Calculates the inverse of the left-tailed chi-squared distribution.,https://support.google.com/docs/answer/7004181
CHISQ.INV.RT,Statistical,"CHISQ.INV.RT(probability, degrees_freedom)",Calculates the inverse of the right-tailed chi-squared distribution.,https://support.google.com/docs/answer/7003348
CHISQ.TEST,Statistical,"CHISQ.TEST(observed_range, expected_range)",See CHITEST,https://support.google.com/docs/answer/7004263
CHITEST,Statistical,"CHITEST(observed_range, expected_range)",Returns the probability associated with a Pearson’s chi-squared test on the two ranges of data. Determines the likelihood that the observed categorical data is drawn from an expected distribution.,https://support.google.com/docs/answer/7004263
CONFIDENCE,Statistical,"CONFIDENCE(alpha, standard_deviation, pop_size)",See CONFIDENCE.NORM,https://support.google.com/docs/answer/3093988
CONFIDENCE.NORM,Statistical,"CONFIDENCE.NORM(alpha, standard_deviation, pop_size)",Calculates the width of half the confidence interval for a normal distribution.,https://support.google.com/docs/answer/3093988
CONFIDENCE.T,Statistical,"CONFIDENCE.T(alpha, standard_deviation, size)",Calculates the width of half the confidence interval for a Student’s t-distribution.,https://support.google.com/docs/answer/9365672
CORREL,Statistical,"CORREL(data_y, data_x)","Calculates r, the Pearson product-moment correlation coefficient of a dataset.",https://support.google.com/docs/answer/3093990
COUNT,Statistical,"COUNT(value1, [value2, ...])",Returns a count of the number of numeric values in a dataset.,https://support.google.com/docs/answer/3093620
COUNTA,Statistical,"COUNTA(value1, [value2, ...])",Returns a count of the number of values in a dataset.,https://support.google.com/docs/answer/3093991
COVAR,Statistical,"COVAR(data_y, data_x)",Calculates the covariance of a dataset.,https://support.google.com/docs/answer/3093993
COVARIANCE.P,Statistical,"COVARIANCE.P(data_y, data_x)",See COVAR,https://support.google.com/docs/answer/3093993
COVARIANCE.S,Statistical,"COVARIANCE.S(data_y, data_x)","Calculates the covariance of a dataset, where the dataset is a sample of the total population.",https://support.google.com/docs/answer/9365675
CRITBINOM,Statistical,"CRITBINOM(num_trials, prob_success, target_prob)",Calculates the smallest value for which the cumulative binomial distribution is greater than or equal to a specified criteria.,https://support.google.com/docs/answer/3093623
DEVSQ,Statistical,"DEVSQ(value1, value2)",Calculates the sum of squares of deviations based on a sample.,https://support.google.com/docs/answer/3093625
EXPON.DIST,Statistical,"EXPON.DIST(x, LAMBDA, cumulative)",Returns the value of the exponential distribution function with a specified LAMBDA at a specified value.,https://support.google.com/docs/answer/3093995
EXPONDIST,Statistical,"EXPONDIST(x, LAMBDA, cumulative)",See EXPON.DIST,https://support.google.com/docs/answer/3093995
F.DIST,Statistical,"F.DIST(x, degrees_freedom1, degrees_freedom2, cumulative)",Calculates the left-tailed F probability distribution (degree of diversity) for two data sets with given input x. Alternately called Fisher-Snedecor distribution or Snedecor's F distribution.,https://support.google.com/docs/answer/6055706
F.DIST.RT,Statistical,"F.DIST.RT(x, degrees_freedom1, degrees_freedom2)",Calculates the right-tailed F probability distribution (degree of diversity) for two data sets with given input x. Alternately called Fisher-Snedecor distribution or Snedecor's F distribution.,https://support.google.com/docs/answer/6055799
F.INV,Statistical,"F.INV(probability, degrees_freedom1, degrees_freedom2)",Calculates the inverse of the left-tailed F probability distribution. Also called the Fisher-Snedecor distribution or Snedecor’s F distribution.,https://support.google.com/docs/answer/7004265
F.INV.RT,Statistical,"F.INV.RT(probability, degrees_freedom1, degrees_freedom2)",Calculates the inverse of the right-tailed F probability distribution. Also called the Fisher-Snedecor distribution or Snedecor’s F distribution.,https://support.google.com/docs/answer/7003960
F.TEST,Statistical,"F.TEST(range1, range2)",See FTEST.,https://support.google.com/docs/answer/7004183
FDIST,Statistical,"FDIST(x, degrees_freedom1, degrees_freedom2)",See F.DIST.RT.,https://support.google.com/docs/answer/6055799
FINV,Statistical,"FINV(probability, degrees_freedom1, degrees_freedom2)",See F.INV.RT,https://support.google.com/docs/answer/7003960
FISHER,Statistical,FISHER(value),Returns the Fisher transformation of a specified value.,https://support.google.com/docs/answer/3093626
FISHERINV,Statistical,FISHERINV(value),Returns the inverse Fisher transformation of a specified value.,https://support.google.com/docs/answer/3093998
FORECAST,Statistical,"FORECAST(x, data_y, data_x)",Calculates the expected y-value for a specified x based on a linear regression of a dataset.,https://support.google.com/docs/answer/3094000
FORECAST.LINEAR,Statistical,"FORECAST.LINEAR(x, data_y, data_x)",See FORECAST,https://support.google.com/docs/answer/3094000
FTEST,Statistical,"FTEST(range1, range2)",Returns the probability associated with an F-test for equality of variances. Determines whether two samples are likely to have come from populations with the same variance.,https://support.google.com/docs/answer/7004183
GAMMA,Statistical,GAMMA(number),Returns the Gamma function evaluated at the specified value.,https://support.google.com/docs/answer/9365856
GAMMA.DIST,Statistical,"GAMMA.DIST(x, alpha, beta, cumulative)","Calculates the gamma distribution, a two-parameter continuous probability distribution.",https://support.google.com/docs/answer/7013990
GAMMA.INV,Statistical,"GAMMA.INV(probability, alpha, beta)",The GAMMA.INV function returns the value of the inverse gamma cumulative distribution function for the specified probability and alpha and beta parameters.,https://support.google.com/docs/answer/9116467
GAMMADIST,Statistical,"GAMMADIST(x, alpha, beta, cumulative)",See GAMMA.DIST,https://support.google.com/docs/answer/7013989
GAMMAINV,Statistical,"GAMMAINV(probability, alpha, beta)",See GAMMA.INV.,https://support.google.com/docs/answer/9116467
GAUSS,Statistical,GAUSS(z),"The GAUSS function returns the probability that a random variable, drawn from a normal distribution, will be between the mean and z standard deviations above (or below) the mean.",https://support.google.com/docs/answer/9116278
GEOMEAN,Statistical,"GEOMEAN(value1, value2)",Calculates the geometric mean of a dataset.,https://support.google.com/docs/answer/3094001
HARMEAN,Statistical,"HARMEAN(value1, value2)",Calculates the harmonic mean of a dataset.,https://support.google.com/docs/answer/3094003
HYPGEOM.DIST,Statistical,"HYPGEOM.DIST(num_successes, num_draws, successes_in_pop, pop_size)",See HYPGEOMDIST,https://support.google.com/docs/answer/3094004
HYPGEOMDIST,Statistical,"HYPGEOMDIST(num_successes, num_draws, successes_in_pop, pop_size)","Calculates the probability of drawing a certain number of successes in a certain number of tries given a population of a certain size containing a certain number of successes, without replacement of draws.",https://support.google.com/docs/answer/3094004
INTERCEPT,Statistical,"INTERCEPT(data_y, data_x)",Calculates the y-value at which the line resulting from linear regression of a dataset will intersect the y-axis (x=0).,https://support.google.com/docs/answer/3093632
KURT,Statistical,"KURT(value1, value2)","Calculates the kurtosis of a dataset, which describes the shape, and in particular the ""peakedness"" of that dataset.",https://support.google.com/docs/answer/3093634
LARGE,Statistical,"LARGE(data, n)","Returns the nth largest element from a data set, where n is user-defined.",https://support.google.com/docs/answer/3094008
LOGINV,Statistical,"LOGINV(x, mean, standard_deviation)",Returns the value of the inverse log-normal cumulative distribution with given mean and standard deviation at a specified value.,https://support.google.com/docs/answer/3094010
LOGNORM.DIST,Statistical,"LOGNORM.DIST(x, mean, standard_deviation)",See LOGNORMDIST,https://support.google.com/docs/answer/3094011
LOGNORM.INV,Statistical,"LOGNORM.INV(x, mean, standard_deviation)",See LOGINV,https://support.google.com/docs/answer/3094010
LOGNORMDIST,Statistical,"LOGNORMDIST(x, mean, standard_deviation)",Returns the value of the log-normal cumulative distribution with given mean and standard deviation at a specified value.,https://support.google.com/docs/answer/3094011
MARGINOFERROR,Statistical,"MARGINOFERROR(range, confidence)",Calculates the amount of random sampling error given a range of values and a confidence level.,https://support.google.com/docs/answer/12487850
MAX,Statistical,"MAX(value1, [value2, ...])",Returns the maximum value in a numeric dataset.,https://support.google.com/docs/answer/3094013
MAXA,Statistical,"MAXA(value1, value2)",Returns the maximum numeric value in a dataset.,https://support.google.com/docs/answer/3094016
MAXIFS,Statistical,"MAXIFS(range, criteria_range1, criterion1, [criteria_range2, criterion2], …)","Returns the maximum value in a range of cells, filtered by a set of criteria.",https://support.google.com/docs/answer/7013817
MEDIAN,Statistical,"MEDIAN(value1, [value2, ...])",Returns the median value in a numeric dataset.,https://support.google.com/docs/answer/3094025
MIN,Statistical,"MIN(value1, [value2, ...])",Returns the minimum value in a numeric dataset.,https://support.google.com/docs/answer/3094017
MINA,Statistical,"MINA(value1, value2)",Returns the minimum numeric value in a dataset.,https://support.google.com/docs/answer/3094018
MINIFS,Statistical,"MINIFS(range, criteria_range1, criterion1, [criteria_range2, criterion2], …)","Returns the minimum value in a range of cells, filtered by a set of criteria.",https://support.google.com/docs/answer/7014063
MODE,Statistical,"MODE(value1, [value2, ...])",Returns the most commonly occurring value in a dataset.,https://support.google.com/docs/answer/3094029
MODE.MULT,Statistical,"MODE.MULT(value1, value2)",Returns the most commonly occurring values in a dataset.,https://support.google.com/docs/answer/9368267
MODE.SNGL,Statistical,"MODE.SNGL(value1, [value2, ...])",See MODE,https://support.google.com/docs/answer/3094029
NEGBINOM.DIST,Statistical,"NEGBINOM.DIST(num_failures, num_successes, prob_success)",See NEGBINOMDIST,https://support.google.com/docs/answer/3094031
NEGBINOMDIST,Statistical,"NEGBINOMDIST(num_failures, num_successes, prob_success)",Calculates the probability of drawing a certain number of failures before a certain number of successes given a probability of success in independent trials.,https://support.google.com/docs/answer/3094031
NORM.DIST,Statistical,"NORM.DIST(x, mean, standard_deviation, cumulative)",See NORMDIST,https://support.google.com/docs/answer/3094021
NORM.INV,Statistical,"NORM.INV(x, mean, standard_deviation)",See NORMINV,https://support.google.com/docs/answer/3094022
NORM.S.DIST,Statistical,NORM.S.DIST(x),See NORMSDIST,https://support.google.com/docs/answer/3094089
NORM.S.INV,Statistical,NORM.S.INV(x),See NORMSINV,https://support.google.com/docs/answer/3094091
NORMDIST,Statistical,"NORMDIST(x, mean, standard_deviation, cumulative)","Returns the value of the normal distribution function (or normal cumulative distribution function) for a specified value, mean, and standard deviation.",https://support.google.com/docs/answer/3094021
NORMINV,Statistical,"NORMINV(x, mean, standard_deviation)","Returns the value of the inverse normal distribution function for a specified value, mean, and standard deviation.",https://support.google.com/docs/answer/3094022
NORMSDIST,Statistical,NORMSDIST(x),Returns the value of the standard normal cumulative distribution function for a specified value.,https://support.google.com/docs/answer/3094089
NORMSINV,Statistical,NORMSINV(x),Returns the value of the inverse standard normal distribution function for a specified value.,https://support.google.com/docs/answer/3094091
PEARSON,Statistical,"PEARSON(data_y, data_x)","Calculates r, the Pearson product-moment correlation coefficient of a dataset.",https://support.google.com/docs/answer/3094092
PERCENTILE,Statistical,"PERCENTILE(data, percentile)",Returns the value at a given percentile of a dataset.,https://support.google.com/docs/answer/3094093
PERCENTILE.EXC,Statistical,"PERCENTILE.EXC(data, percentile)","Returns the value at a given percentile of a dataset, exclusive of 0 and 1.",https://support.google.com/docs/answer/9368167
PERCENTILE.INC,Statistical,"PERCENTILE.INC(data, percentile)",See PERCENTILE,https://support.google.com/docs/answer/3094093
PERCENTRANK,Statistical,"PERCENTRANK(data, value, [significant_digits])",Returns the percentage rank (percentile) of a specified value in a dataset.,https://support.google.com/docs/answer/3094095
PERCENTRANK.EXC,Statistical,"PERCENTRANK.EXC(data, value, [significant_digits])",Returns the percentage rank (percentile) from 0 to 1 exclusive of a specified value in a dataset.,https://support.google.com/docs/answer/3267357
PERCENTRANK.INC,Statistical,"PERCENTRANK.INC(data, value, [significant_digits])",Returns the percentage rank (percentile) from 0 to 1 inclusive of a specified value in a dataset.,https://support.google.com/docs/answer/3267360
PERMUTATIONA,Statistical,"PERMUTATIONA(number, number_chosen)",Returns the number of permutations for selecting a group of objects (with replacement) from a total number of objects.,https://support.google.com/docs/answer/9368324
PERMUT,Statistical,"PERMUT(n, k)","Returns the number of ways to choose some number of objects from a pool of a given size of objects, considering order.",https://support.google.com/docs/answer/3094036
PHI,Statistical,PHI(x),The PHI function returns the value of the normal distribution with mean 0 and standard deviation 1.,https://support.google.com/docs/answer/9116365
POISSON,Statistical,"POISSON(x, mean, cumulative)",See POISSON.DIST,https://support.google.com/docs/answer/3094097
POISSON.DIST,Statistical,"POISSON.DIST(x, mean, [cumulative])",Returns the value of the Poisson distribution function (or Poisson cumulative distribution function) for a specified value and mean. .,https://support.google.com/docs/answer/3094097
PROB,Statistical,"PROB(data, probabilities, low_limit, [high_limit])","Given a set of values and corresponding probabilities, calculates the probability that a value chosen at random falls between two limits.",https://support.google.com/docs/answer/3094039
QUARTILE,Statistical,"QUARTILE(data, quartile_number)",Returns a value nearest to a specified quartile of a dataset.,https://support.google.com/docs/answer/3094041
QUARTILE.EXC,Statistical,"QUARTILE.EXC(data, quartile_number)","Returns value nearest to a given quartile of a dataset, exclusive of 0 and 4.",https://support.google.com/docs/answer/9368240
QUARTILE.INC,Statistical,"QUARTILE.INC(data, quartile_number)",See QUARTILE,https://support.google.com/docs/answer/3094041
RANK,Statistical,"RANK(value, data, [is_ascending])",Returns the rank of a specified value in a dataset.,https://support.google.com/docs/answer/3094098
RANK.AVG,Statistical,"RANK.AVG(value, data, [is_ascending])","Returns the rank of a specified value in a dataset. If there is more than one entry of the same value in the dataset, the average rank of the entries will be returned.",https://support.google.com/docs/answer/3267309
RANK.EQ,Statistical,"RANK.EQ(value, data, [is_ascending])","Returns the rank of a specified value in a dataset. If there is more than one entry of the same value in the dataset, the top rank of the entries will be returned.",https://support.google.com/docs/answer/3267310
RSQ,Statistical,"RSQ(data_y, data_x)","Calculates the square of r, the Pearson product-moment correlation coefficient of a dataset.",https://support.google.com/docs/answer/3094099
SKEW,Statistical,"SKEW(value1, value2)","Calculates the skewness of a dataset, which describes the symmetry of that dataset about the mean.",https://support.google.com/docs/answer/3094101
SKEW.P,Statistical,"SKEW.P(value1, value2)",Calculates the skewness of a dataset that represents the entire population.,https://support.google.com/docs/answer/9368569
SLOPE,Statistical,"SLOPE(data_y, data_x)",Calculates the slope of the line resulting from linear regression of a dataset.,https://support.google.com/docs/answer/3094048
SMALL,Statistical,"SMALL(data, n)","Returns the nth smallest element from a data set, where n is user-defined.",https://support.google.com/docs/answer/3094050
STANDARDIZE,Statistical,"STANDARDIZE(value, mean, standard_deviation)",Calculates the normalized equivalent of a random variable given mean and standard deviation of the distribution.,https://support.google.com/docs/answer/3094102
STDEV,Statistical,"STDEV(value1, [value2, ...])",Calculates the standard deviation based on a sample.,https://support.google.com/docs/answer/3094054
STDEV.P,Statistical,"STDEV.P(value1, [value2, ...])",See STDEVP,https://support.google.com/docs/answer/3094105
STDEV.S,Statistical,"STDEV.S(value1, [value2, ...])",See STDEV,https://support.google.com/docs/answer/3094054
STDEVA,Statistical,"STDEVA(value1, value2)","Calculates the standard deviation based on a sample, setting text to the value `0`.",https://support.google.com/docs/answer/3094055
STDEVP,Statistical,"STDEVP(value1, value2)",Calculates the standard deviation based on an entire population.,https://support.google.com/docs/answer/3094105
STDEVPA,Statistical,"STDEVPA(value1, value2)","Calculates the standard deviation based on an entire population, setting text to the value `0`.",https://support.google.com/docs/answer/3094058
STEYX,Statistical,"STEYX(data_y, data_x)",Calculates the standard error of the predicted y-value for each x in the regression of a dataset.,https://support.google.com/docs/answer/3094108
T.DIST,Statistical,"T.DIST(x, degrees_freedom, cumulative)",Returns the right tailed Student distribution for a value x.,https://support.google.com/docs/answer/9369014
T.DIST.2T,Statistical,"T.DIST.2T(x, degrees_freedom)",Returns the two tailed Student distribution for a value x.,https://support.google.com/docs/answer/9368252
T.DIST.RT,Statistical,"T.DIST.RT(x, degrees_freedom)",Returns the right tailed Student distribution for a value x.,https://support.google.com/docs/answer/9369017
T.INV,Statistical,"T.INV(probability, degrees_freedom)",Calculates the negative inverse of the one-tailed TDIST function.,https://support.google.com/docs/answer/6055809
T.INV.2T,Statistical,"T.INV.2T(probability, degrees_freedom)",Calculates the inverse of the two-tailed TDIST function.,https://support.google.com/docs/answer/6055811
T.TEST,Statistical,"T.TEST(range1, range2, tails, type)",Returns the probability associated with Student's t-test. Determines whether two samples are likely to have come from the same two underlying populations that have the same mean.,https://support.google.com/docs/answer/6055837
TDIST,Statistical,"TDIST(x, degrees_freedom, tails)",Calculates the probability for Student's t-distribution with a given input (x).,https://support.google.com/docs/answer/3295914
TINV,Statistical,"TINV(probability, degrees_freedom)",See T.INV.2T,https://support.google.com/docs/answer/6055811
TRIMMEAN,Statistical,"TRIMMEAN(data, exclude_proportion)",Calculates the mean of a dataset excluding some proportion of data from the high and low ends of the dataset.,https://support.google.com/docs/answer/3094061
TTEST,Statistical,"TTEST(range1, range2, tails, type)",See T.TEST.,https://support.google.com/docs/answer/6055837
VAR,Statistical,"VAR(value1, [value2, ...])",Calculates the variance based on a sample.,https://support.google.com/docs/answer/3094063
VAR.P,Statistical,"VAR.P(value1, [value2, ...])",See VARP,https://support.google.com/docs/answer/3094113
VAR.S,Statistical,"VAR.S(value1, [value2, ...])",See VAR,https://support.google.com/docs/answer/3094063
VARA,Statistical,"VARA(value1, value2)","Calculates an estimate of variance based on a sample, setting text to the value `0`.",https://support.google.com/docs/answer/3094064
VARP,Statistical,"VARP(value1, value2)",Calculates the variance based on an entire population.,https://support.google.com/docs/answer/3094113
VARPA,Statistical,"VARPA(value1, value2,...)","Calculates the variance based on an entire population, setting text to the value `0`.",https://support.google.com/docs/answer/3094065
WEIBULL,Statistical,"WEIBULL(x, shape, scale, cumulative)",Returns the value of the Weibull distribution function (or Weibull cumulative distribution function) for a specified shape and scale.,https://support.google.com/docs/answer/3094116
WEIBULL.DIST,Statistical,"WEIBULL.DIST(x, shape, scale, cumulative)",See WEIBULL,https://support.google.com/docs/answer/3094116
Z.TEST,Statistical,"Z.TEST(data, value, [standard_deviation])",Returns the one-tailed P-value of a Z-test with standard distribution.,https://support.google.com/docs/answer/3094067
ZTEST,Statistical,"ZTEST(data, value, [standard_deviation])",See Z.TEST.,https://support.google.com/docs/answer/3094067
ARABIC,Text,ARABIC(roman_numeral),Computes the value of a Roman numeral.,https://support.google.com/docs/answer/3238301
ASC,Text,ASC(text),Converts full-width ASCII and katakana characters to their half-width counterparts. All standard-width characters will remain unchanged.,https://support.google.com/docs/answer/9061514
CHAR,Text,CHAR(table_number),Convert a number into a character according to the current Unicode table.,https://support.google.com/docs/answer/3094120
CLEAN,Text,CLEAN(text),Returns the text with the non-printable ASCII characters removed.,https://support.google.com/docs/answer/3267340
CODE,Text,CODE(string),Returns the numeric Unicode map value of the first character in the string provided.,https://support.google.com/docs/answer/3094122
CONCATENATE,Text,"CONCATENATE(string1, [string2, ...])",Appends strings to one another.,https://support.google.com/docs/answer/3094123
DOLLAR,Text,"DOLLAR(number, [number_of_places])",Formats a number into the locale-specific currency format.,https://support.google.com/docs/answer/3094071
EXACT,Text,"EXACT(string1, string2)",Tests whether two strings are identical.,https://support.google.com/docs/answer/3094073
FIND,Text,"FIND(search_for, text_to_search, [starting_at])",Returns the position at which a string is first found within text.,https://support.google.com/docs/answer/3094126
FINDB,Text,"FINDB(search_for, text_to_search, [starting_at])",Returns the position at which a string is first found within text counting each double-character as 2.,https://support.google.com/docs/answer/3296009
FIXED,Text,"FIXED(number, [number_of_places], [suppress_separator])",Formats a number with a fixed number of decimal places.,https://support.google.com/docs/answer/3094075
JOIN,Text,"JOIN(delimiter, value_or_array1, [value_or_array2, ...])",Concatenates the elements of one or more one-dimensional arrays using a specified delimiter.,https://support.google.com/docs/answer/3094077
LEFT,Text,"LEFT(string, [number_of_characters])",Returns a substring from the beginning of a specified string.,https://support.google.com/docs/answer/3094079
LEFTB,Text,"LEFTB(string, num_of_bytes)",Returns the left portion of a string up to a certain number of bytes.,https://support.google.com/docs/answer/9367470
LEN,Text,LEN(text),Returns the length of a string.,https://support.google.com/docs/answer/3094081
LENB,Text,LENB(string),"Returns the length of a string in bytes.""",https://support.google.com/docs/answer/9367584
LOWER,Text,LOWER(text),Converts a specified string to lowercase.,https://support.google.com/docs/answer/3094083
MID,Text,"MID(string, starting_at, extract_length)",Returns a segment of a string.,https://support.google.com/docs/answer/3094129
MIDB,Text,MIDB(string),Returns a section of a string starting at a given character and up to a specified number of bytes.,https://support.google.com/docs/answer/9367691
PROPER,Text,PROPER(text_to_capitalize),Capitalizes each word in a specified string.,https://support.google.com/docs/answer/3094133
REGEXEXTRACT,Text,"REGEXEXTRACT(text, regular_expression)",Extracts matching substrings according to a regular expression.,https://support.google.com/docs/answer/3098244
REGEXMATCH,Text,"REGEXMATCH(text, regular_expression)",Whether a piece of text matches a regular expression.,https://support.google.com/docs/answer/3098292
REGEXREPLACE,Text,"REGEXREPLACE(text, regular_expression, replacement)",Replaces part of a text string with a different text string using regular expressions.,https://support.google.com/docs/answer/3098245
REPLACE,Text,"REPLACE(text, position, length, new_text)",Replaces part of a text string with a different text string.,https://support.google.com/docs/answer/3098247
REPLACEB,Text,"REPLACEB(text, position, num_bytes, new_text)","Replaces part of a text string, based on a number of bytes, with a different text string.",https://support.google.com/docs/answer/9367752
REPT,Text,"REPT(text_to_repeat, number_of_repetitions)",Returns specified text repeated a number of times.,https://support.google.com/docs/answer/3094134
RIGHT,Text,"RIGHT(string, [number_of_characters])",Returns a substring from the end of a specified string.,https://support.google.com/docs/answer/3094087
RIGHTB,Text,"RIGHTB(string, num_of_bytes)",Returns the right portion of a string up to a certain number of bytes.,https://support.google.com/docs/answer/9367697
ROMAN,Text,"ROMAN(number, [rule_relaxation])",Formats a number in Roman numerals.,https://support.google.com/docs/answer/3094153
SEARCH,Text,"SEARCH(search_for, text_to_search, [starting_at])",Returns the position at which a string is first found within text.,https://support.google.com/docs/answer/3094154
SEARCHB,Text,"SEARCHB(search_for, text_to_search, [starting_at])",Returns the position at which a string is first found within text counting each double-character as 2.,https://support.google.com/docs/answer/3295923
SPLIT,Text,"SPLIT(text, delimiter, [split_by_each], [remove_empty_text])","Divides text around a specified character or string, and puts each fragment into a separate cell in the row.",https://support.google.com/docs/answer/3094136
SUBSTITUTE,Text,"SUBSTITUTE(text_to_search, search_for, replace_with, [occurrence_number])",Replaces existing text with new text in a string.,https://support.google.com/docs/answer/3094215
T,Text,T(value),Returns string arguments as text.,https://support.google.com/docs/answer/3094138
TEXT,Text,"TEXT(number, format)",Converts a number into text according to a specified format.,https://support.google.com/docs/answer/3094139
TEXTJOIN,Text,"TEXTJOIN(delimiter, ignore_empty, text1, [text2], …)","Combines the text from multiple strings and/or arrays, with a specifiable delimiter separating the different texts.",https://support.google.com/docs/answer/7013992
TRIM,Text,TRIM(text),Removes leading and trailing spaces in a specified string.,https://support.google.com/docs/answer/3094140
UNICHAR,Text,UNICHAR(number),Returns the Unicode character for a number.,https://support.google.com/docs/answer/9369024
UNICODE,Text,UNICODE(text),Returns the decimal Unicode value of the first character of the text.,https://support.google.com/docs/answer/9149523
UPPER,Text,UPPER(text),Converts a specified string to uppercase.,https://support.google.com/docs/answer/3094219
VALUE,Text,VALUE(text),"Converts a string in any of the date, time or number formats that Google Sheets understands into a number.",https://support.google.com/docs/answer/3094220
DAVERAGE,Database,"DAVERAGE(database, field, criteria)",Returns the average of a set of values selected from a database table-like array or range using a SQL-like query.,https://support.google.com/docs/answer/3094144
DCOUNT,Database,"DCOUNT(database, field, criteria)",Counts numeric values selected from a database table-like array or range using a SQL-like query.,https://support.google.com/docs/answer/3094222
DCOUNTA,Database,"DCOUNTA(database, field, criteria)","Counts values, including text, selected from a database table-like array or range using a SQL-like query.",https://support.google.com/docs/answer/3094147
DGET,Database,"DGET(database, field, criteria)",Returns a single value from a database table-like array or range using a SQL-like query.,https://support.google.com/docs/answer/3094148
DMAX,Database,"DMAX(database, field, criteria)",Returns the maximum value selected from a database table-like array or range using a SQL-like query.,https://support.google.com/docs/answer/3094227
DMIN,Database,"DMIN(database, field, criteria)",Returns the minimum value selected from a database table-like array or range using a SQL-like query.,https://support.google.com/docs/answer/3094149
DPRODUCT,Database,"DPRODUCT(database, field, criteria)",Returns the product of values selected from a database table-like array or range using a SQL-like query.,https://support.google.com/docs/answer/3094230
DSTDEV,Database,"DSTDEV(database, field, criteria)",Returns the standard deviation of a population sample selected from a database table-like array or range using a SQL-like query.,https://support.google.com/docs/answer/3094151
DSTDEVP,Database,"DSTDEVP(database, field, criteria)",Returns the standard deviation of an entire population selected from a database table-like array or range using a SQL-like query.,https://support.google.com/docs/answer/3094280
DSUM,Database,"DSUM(database, field, criteria)",Returns the sum of values selected from a database table-like array or range using a SQL-like query.,https://support.google.com/docs/answer/3094281
DVAR,Database,"DVAR(database, field, criteria)",Returns the variance of a population sample selected from a database table-like array or range using a SQL-like query.,https://support.google.com/docs/answer/3094236
DVARP,Database,"DVARP(database, field, criteria)",Returns the variance of an entire population selected from a database table-like array or range using a SQL-like query.,https://support.google.com/docs/answer/3094238
CONVERT,Parser,"CONVERT(value, start_unit, end_unit)",Converts a numeric value to a different unit of measure.,https://support.google.com/docs/answer/6055540
TO_DATE,Parser,TO_DATE(value),Converts a provided number to a date.,https://support.google.com/docs/answer/3094239
TO_DOLLARS,Parser,TO_DOLLARS(value),Converts a provided number to a dollar value.,https://support.google.com/docs/answer/3094241
TO_PERCENT,Parser,TO_PERCENT(value),Converts a provided number to a percentage.,https://support.google.com/docs/answer/3094284
TO_PURE_NUMBER,Parser,TO_PURE_NUMBER(value),"Converts a provided date/time, percentage, currency or other formatted numeric value to a pure number without formatting.",https://support.google.com/docs/answer/3094243
TO_TEXT,Parser,TO_TEXT(value),Converts a provided numeric value to a text value.,https://support.google.com/docs/answer/3094285
ARRAY_CONSTRAIN,Array,"ARRAY_CONSTRAIN(input_range, num_rows, num_cols)",Constrains an array result to a specified size.,https://support.google.com/docs/answer/3267036
BYCOL,Array,"BYCOL(array_or_range, LAMBDA)",Groups an array by columns by application of a LAMBDA function to each column.,https://support.google.com/docs/answer/12571032
BYROW,Array,"BYROW(array_or_range, LAMBDA)",Groups an array by rows by application of a LAMBDA function to each row.,https://support.google.com/docs/answer/12570930
CHOOSECOLS,Array,"CHOOSECOLS(array, col_num1, [col_num2])",Creates a new array from the selected columns in the existing range.,https://support.google.com/docs/answer/13197914
CHOOSEROWS,Array,"CHOOSEROWS(array, row_num1, [row_num2])",Creates a new array from the selected rows in the existing range.,https://support.google.com/docs/answer/13196659
FLATTEN,Array,"FLATTEN(range1,[range2,...])",Flattens all the values from one or more ranges into a single column.,https://support.google.com/docs/answer/10307761
FREQUENCY,Array,"FREQUENCY(data, classes)",Calculates the frequency distribution of a one-column array into specified classes.,https://support.google.com/docs/answer/3094286
GROWTH,Array,"GROWTH(known_data_y, [known_data_x], [new_data_x], [b])","Given partial data about an exponential growth trend, fits an ideal exponential growth trend and/or predicts further values.",https://support.google.com/docs/answer/3094287
HSTACK,Array,"HSTACK(range1; [range2, …])",Appends ranges horizontally and in sequence to return a larger array.,https://support.google.com/docs/answer/13190756
LINEST,Array,"LINEST(known_data_y, [known_data_x], [calculate_b], [verbose])","Given partial data about a linear trend, calculates various parameters about the ideal linear trend using the least-squares method.",https://support.google.com/docs/answer/3094249
LOGEST,Array,"LOGEST(known_data_y, [known_data_x], [b], [verbose])","Given partial data about an exponential growth curve, calculates various parameters about the best fit ideal exponential growth curve.",https://support.google.com/docs/answer/3094251
MAKEARRAY,Array,"MAKEARRAY(rows, columns, LAMBDA)",Returns an array of specified dimensions with values calculated by application of a LAMBDA function.,https://support.google.com/docs/answer/12569202
MAP,Array,"MAP(array1, [array2, ...], LAMBDA)",Maps each value in the given arrays to a new value by application of a LAMBDA function to each value.,https://support.google.com/docs/answer/12568985
MDETERM,Array,MDETERM(square_matrix),Returns the matrix determinant of a square matrix specified as an array or range.,https://support.google.com/docs/answer/3094290
MINVERSE,Array,MINVERSE(square_matrix),Returns the multiplicative inverse of a square matrix specified as an array or range.,https://support.google.com/docs/answer/3094253
MMULT,Array,"MMULT(matrix1, matrix2)",Calculates the matrix product of two matrices specified as arrays or ranges.,https://support.google.com/docs/answer/3094292
REDUCE,Array,"REDUCE(initial_value, array_or_range, LAMBDA)",Reduces an array to an accumulated result by application of a LAMBDA function to each value.,https://support.google.com/docs/answer/12568597
SCAN,Array,"SCAN(initial_value, array_or_range, LAMBDA)",Scans an array and produces intermediate values by application of a LAMBDA function to each value. Returns an array of the intermediate values obtained at each step.,https://support.google.com/docs/answer/12569094
SUMPRODUCT,Array,"SUMPRODUCT(array1, [array2, ...])",Calculates the sum of the products of corresponding entries in two equal-sized arrays or ranges.,https://support.google.com/docs/answer/3094294
SUMX2MY2,Array,"SUMX2MY2(array_x, array_y)",Calculates the sum of the differences of the squares of values in two arrays.,https://support.google.com/docs/answer/3094257
SUMX2PY2,Array,"SUMX2PY2(array_x, array_y)",Calculates the sum of the sums of the squares of values in two arrays.,https://support.google.com/docs/answer/3094260
SUMXMY2,Array,"SUMXMY2(array_x, array_y)",Calculates the sum of the squares of differences of values in two arrays.,https://support.google.com/docs/answer/3094298
TOCOL,Array,"TOCOL(array_or_range, [ignore], [scan_by_column])",Transforms an array or range of cells into a single column.,https://support.google.com/docs/answer/13187258
TOROW,Array,"TOROW(array_or_range, [ignore], [scan_by_column])",Transforms an array or range of cells into a single row.,https://support.google.com/docs/answer/13187459
TRANSPOSE,Array,TRANSPOSE(array_or_range),Transposes the rows and columns of an array or range of cells.,https://support.google.com/docs/answer/3094262
TREND,Array,"TREND(known_data_y, [known_data_x], [new_data_x], [b])","Given partial data about a linear trend, fits an ideal linear trend using the least squares method and/or predicts further values.",https://support.google.com/docs/answer/3094263
VSTACK,Array,"VSTACK(range1; [range2, …])",Appends ranges vertically and in sequence to return a larger array.,https://support.google.com/docs/answer/13191461
WRAPCOLS,Array,"WRAPCOLS(range, wrap_count, [pad_with])",Wraps the provided row or column of cells by columns after a specified number of elements to form a new array.,https://support.google.com/docs/answer/13184284
WRAPROWS,Array,"WRAPROWS(range, wrap_count, [pad_with])",Wraps the provided row or column of cells by rows after a specified number of elements to form a new array.,https://support.google.com/docs/answer/13184285
ENCODEURL,Web,ENCODEURL(text),Encodes a string of text for the purpose of using in a URL query. .,https://support.google.com/docs/answer/9199778
HYPERLINK,Web,"HYPERLINK(url, [link_label])",Creates a hyperlink inside a cell.,https://support.google.com/docs/answer/3093313
IMPORTDATA,Web,IMPORTDATA(url),Imports data at a given url in .csv (comma-separated value) or .tsv (tab-separated value) format.,https://support.google.com/docs/answer/3093335
IMPORTFEED,Web,"IMPORTFEED(url, [query], [headers], [num_items])",Imports a RSS or ATOM feed.,https://support.google.com/docs/answer/3093337
IMPORTHTML,Web,"IMPORTHTML(url, query, index)",Imports data from a table or list within an HTML page.,https://support.google.com/docs/answer/3093339
IMPORTRANGE,Web,"IMPORTRANGE(spreadsheet_url, range_string)",Imports a range of cells from a specified spreadsheet.,https://support.google.com/docs/answer/3093340
IMPORTXML,Web,"IMPORTXML(url, xpath_query)","Imports data from any of various structured data types including XML, HTML, CSV, TSV, and RSS and ATOM XML feeds.",https://support.google.com/docs/answer/3093342
ISURL,Web,ISURL(value),Checks whether a value is a valid URL.,https://support.google.com/docs/answer/3256501